Product,Brand,Category,Price,Rating,Reviews
Hydrating Cleanser,CeraVe,Skincare,15,4.6,12500
Foaming Cleanser,CeraVe,Skincare,14,4.5,9800
Revitalift Serum,L'Oreal Paris,Skincare,32,4.4,6200
True Match Foundation,L'Oreal Paris,Makeup,14,4.5,8700
Lash Sensational Mascara,Maybelline,Makeup,13,4.6,15200
Fit Me Foundation,Maybelline,Makeup,10,4.4,18400
Lip Gloss,NYX,Makeup,6,4.3,11200
Ultra Facial Cream,Kiehls,Skincare,39,4.6,5400
Acidic Bonding Shampoo,Redken,Haircare,33,4.7,4100
All Soft Conditioner,Redken,Haircare,27,4.6,3800
Hair Mask,Garnier,Haircare,9,4.4,9200
Paradoxe Eau de Parfum,Prada Beauty,Fragrance,165,4.7,3100
Libre Eau de Parfum,YSL Beauty,Fragrance,145,4.6,7800
Born in Roma,Valentino Beauty,Fragrance,150,4.7,6500
Flowerbomb,Viktor and Rolf,Fragrance,145,4.5,5900
